"","ID","Description","setSize","enrichmentScore","NES","pvalue","p.adjust","qvalue","rank","leading_edge","core_enrichment"
"HALLMARK_E2F_TARGETS","HALLMARK_E2F_TARGETS","HALLMARK_E2F_TARGETS",191,0.574166542913094,2.64891529911424,1.36786483953716e-19,6.83932419768579e-18,3.59964431457147e-18,3477,"tags=68%, list=28%, signal=50%","AURKB/KIF4A/CDC25A/CENPE/LMNB1/GINS1/ORC6/AURKA/KIF22/KIF2C/HMGA1/PRPS1/UBE2T/ASF1B/CDKN2A/RFC3/CDK1/MYBL2/TOP2A/TRIP13/MAD2L1/LIG1/USP1/NME1/DCTPP1/TCF19/DIAPH3/MELK/CTPS1/UBR7/DCK/SPAG5/CCNB2/MCM5/UBE2S/MKI67/PLK1/ESPL1/RAD51AP1/TACC3/DCLRE1B/XPO1/TUBB/BUB1B/CKS2/TUBG1/LYAR/RFC2/MCM3/KPNA2/TIMELESS/EXOSC8/ATAD2/SPC24/SRSF1/RFC1/SHMT1/TMPO/CDKN3/POLA2/RRM2/HNRNPD/RNASEH2A/SUV39H1/POLD3/EED/CHEK2/PA2G4/POLE/DNMT1/CENPM/MMS22L/CKS1B/EZH2/CDC20/NUP205/RACGAP1/LBR/ZW10/CBX5/BRCA1/CCNE1/NOLC1/AK2/DEPDC1/ORC2/SNRPB/SMC1A/BIRC5/GINS4/SMC6/NUDT21/HELLS/SMC4/CDCA8/PHF5A/DLGAP5/CDCA3/WDR90/RPA1/DONSON/MSH2/CSE1L/CTCF/SSRP1/TIPIN/HMGB3/POLD2/ANP32E/PLK4/SRSF2/MCM7/NBN/POP7/TRA2B/NOP56/MCM6/SYNCRIP/TK1/XRCC6/CCP110/NASP/NUP153/ILF3/SLBP/PCNA/GINS3/RAD51C/TBRG4/PSMC3IP"
"HALLMARK_INTERFERON_GAMMA_RESPONSE","HALLMARK_INTERFERON_GAMMA_RESPONSE","HALLMARK_INTERFERON_GAMMA_RESPONSE",147,-0.668316621199121,-2.31636628712386,1.81049300556223e-15,4.52623251390557e-14,2.38222763889767e-14,1944,"tags=50%, list=15%, signal=43%","NOD1/SAMHD1/STAT3/XAF1/TRIM25/FGL2/BTG1/TNFAIP2/NAMPT/LY6E/HLA-DMA/MTHFD2/PARP12/RNF213/PML/HLA-A/VAMP8/B2M/NFKBIA/PSMB8/IRF2/SOD2/CD40/LATS2/VAMP5/TNFAIP6/IL15RA/ARID5B/HERC6/NMI/IFITM2/SSPN/PLSCR1/HLA-B/PSME1/DDX60/STAT1/LGALS3BP/GBP4/STAT2/IFI35/UBE2L6/STAT4/GCH1/ISG20/IFITM3/DHX58/SOCS3/IL15/MX1/IFI27/PARP14/TXNIP/IRF1/BST2/IL6/PSMB9/IFIT1/APOL6/CFB/OAS3/EPSTI1/IFIT2/CCL2/PIM1/IFIT3/SECTM1/SERPING1/C1S/CASP1/ICAM1/VCAM1/C1R"
"HALLMARK_G2M_CHECKPOINT","HALLMARK_G2M_CHECKPOINT","HALLMARK_G2M_CHECKPOINT",186,0.522399465258127,2.39177920144349,1.62419690924966e-14,2.70699484874943e-13,1.42473413092075e-13,2292,"tags=47%, list=18%, signal=39%","MT2A/CDC7/AURKB/CCNF/RAD54L/KIF4A/CDC25A/CENPE/LMNB1/ORC6/AURKA/KIF22/KIF2C/HMGA1/E2F1/TRAIP/POLQ/UBE2C/DBF4/EXO1/NEK2/SMC2/STIL/CDK1/MYBL2/TGFB1/TOP2A/CDC6/MAD2L1/KIF11/TPX2/CCND1/INCENP/CDC45/CENPA/SLC7A1/CCNB2/TTK/MCM5/UBE2S/MKI67/FBXO5/ORC5/PLK1/RBL1/ESPL1/TACC3/XPO1/CKS2/MCM3/KPNA2/PRC1/PRMT5/FANCC/SRSF1/TMPO/GINS2/CDKN3/POLA2/HNRNPD/SUV39H1/SLC12A2/NUP50/POLE/CKS1B/EZH2/CDC20/SNRPD1/CENPF/RACGAP1/LBR/BUB1/NUSAP1/TROAP/HSPA8/CHAF1A/G3BP1/NOLC1/HIRA/AMD1/CCNA2/CDC27/SMC1A/BIRC5/PURA/MNAT1/SMC4"
"HALLMARK_INTERFERON_ALPHA_RESPONSE","HALLMARK_INTERFERON_ALPHA_RESPONSE","HALLMARK_INTERFERON_ALPHA_RESPONSE",79,-0.714594785596675,-2.31478799602562,1.2471306171709e-11,1.55891327146362e-10,8.20480669191379e-11,1856,"tags=52%, list=15%, signal=45%","TRIM25/NCOA7/LY6E/PARP12/B2M/PSMB8/IRF2/UBA7/GMPR/HERC6/NMI/IFITM2/PLSCR1/LPAR6/GBP2/PSME1/DDX60/LGALS3BP/GBP4/STAT2/IFI35/UBE2L6/ISG20/IFITM1/IFITM3/DHX58/IL15/MX1/IFI27/PARP14/CSF1/TXNIP/IRF1/BST2/PSMB9/EPSTI1/IFIT2/IFIT3/C1S/TMEM140/CASP1"
"HALLMARK_MYC_TARGETS_V1","HALLMARK_MYC_TARGETS_V1","HALLMARK_MYC_TARGETS_V1",193,0.459717707580721,2.12097682942074,2.36673491564519e-10,2.36673491564519e-09,1.24564995560273e-09,4095,"tags=60%, list=32%, signal=41%","PSMA6/MAD2L1/CDK2/USP1/NME1/CDC45/PSMA4/HNRNPA3/CTPS1/SNRPA1/PSMD14/MCM5/SRM/EIF4E/RRM1/ABCE1/SRPK1/XPO1/POLE3/PSMC4/CSTF2/KPNA2/YWHAQ/RRP9/CANX/HSP90AB1/SRSF1/HNRNPD/PSMB2/CCT5/LSM7/DDX21/RPL14/PA2G4/RPL22/CDC20/HNRNPA2B1/SNRPD1/NOP16/PSMD1/UBE2L3/CYC1/ERH/HDGF/SSBP1/PPIA/PSMA7/ACP1/G3BP1/TYMS/NOLC1/CCNA2/ORC2/DHX15/PSMD3/TARDBP/NCBP1/MRPL9/PSMC6/AIMP2/VDAC3/HPRT1/C1QBP/PPM1G/CCT7/EIF4G2/SNRPA/PSMB3/POLD2/DDX18/ODC1/SRSF2/SF3B3/RNPS1/YWHAE/TXNL4A/MCM7/TRA2B/NOP56/MCM6/ILF2/SYNCRIP/PRPS2/PCBP1/XRCC6/CAD/CCT2/HSPD1/PCNA/FBL/SRSF7/PTGES3/SF3A1/RPL34/CCT4/SMARCC1/BUB3/EIF1AX/NDUFAB1/MCM4/MYC/U2AF1/CCT3/RAN/AP3S1/GOT2/PWP1/LSM2/HSPE1/EIF4A1/GSPT1/TCP1/RANBP1/RUVBL2/VBP1"
"HALLMARK_IL6_JAK_STAT3_SIGNALING","HALLMARK_IL6_JAK_STAT3_SIGNALING","HALLMARK_IL6_JAK_STAT3_SIGNALING",55,-0.683899214491279,-2.091727723938,9.7418918128954e-07,8.11824317741283e-06,4.27275956705939e-06,1153,"tags=36%, list=9%, signal=33%","CD14/IL15RA/OSMR/CD36/JUN/STAT1/STAT2/SOCS3/LEPR/CSF1/IRF1/IL6ST/IL6/MAP3K8/IL1R1/CXCL1/PIM1/IL1B/A2M/PLA2G2A"
"HALLMARK_INFLAMMATORY_RESPONSE","HALLMARK_INFLAMMATORY_RESPONSE","HALLMARK_INFLAMMATORY_RESPONSE",109,-0.571710776200252,-1.91630374632046,2.76944808962229e-06,1.97817720687306e-05,1.04114589835424e-05,1279,"tags=35%, list=10%, signal=32%","NFKBIA/ACVR2A/CD14/BTG2/CD40/TNFAIP6/AHR/IL15RA/CD55/NMI/PCDH7/OLR1/ADORA2B/OSMR/GCH1/IFITM1/KCNJ2/IL15/CSF1/IRF1/ITGB8/BST2/PTPRE/CD82/IL1A/IL6/ADM/TLR3/RASGRP1/IL1R1/CXCL6/IL18/CCL2/ABCA1/IL1B/ICAM1/BEST1/TNFSF15"
"HALLMARK_TNFA_SIGNALING_VIA_NFKB","HALLMARK_TNFA_SIGNALING_VIA_NFKB","HALLMARK_TNFA_SIGNALING_VIA_NFKB",165,-0.51246235583808,-1.78993881505572,1.02823892030853e-05,6.4264932519283e-05,3.38236486943595e-05,1179,"tags=33%, list=9%, signal=30%","BCL6/SOD2/ZFP36/DUSP2/BTG2/TNFAIP6/CEBPB/FOSL2/IL15RA/OLR1/IRS2/CCNL1/VEGFA/FOSB/JUN/HES1/JAG1/SMAD3/TGIF1/DRAM1/ZC3H12A/GCH1/JUNB/BIRC3/SOCS3/MSC/BCL3/TNC/STAT5A/CSF1/NR4A3/LITAF/PTX3/EGR1/IRF1/KLF9/PTPRE/TNFAIP8/IL6ST/IL1A/IL6/CEBPD/MAP3K8/CXCL6/IFIT2/IL18/CCL2/CXCL1/ABCA1/ATF3/IL1B/ICAM1/FOS/CXCL2"
"HALLMARK_MITOTIC_SPINDLE","HALLMARK_MITOTIC_SPINDLE","HALLMARK_MITOTIC_SPINDLE",187,0.342802122816765,1.57504546988744,0.000102692052304356,0.000570511401690868,0.000300269158784667,2583,"tags=33%, list=20%, signal=26%","KIF4A/SHROOM2/PALLD/CENPE/LMNB1/AURKA/KIF22/KIF2C/APC/SSH2/NET1/NEK2/CDK1/TOP2A/KIF11/TPX2/INCENP/ECT2/DOCK4/CCNB2/FSCN1/TTK/CENPJ/FGD4/KNTC1/FBXO5/PLK1/PDLIM5/ESPL1/DOCK2/OPHN1/PRC1/PXN/ANLN/TUBGCP3/RFC1/EZR/GEMIN4/STK38L/SHROOM1/TUBGCP5/ARHGDIA/CENPF/RACGAP1/ARHGAP10/RASA1/BUB1/NUSAP1/WASF2/CDC27/SMC1A/BIRC5/KLC1/SMC4/ARFIP2/CNTRL/KIF15/ABI1/DLGAP5/SAC3D1/NIN"
"HALLMARK_COMPLEMENT","HALLMARK_COMPLEMENT","HALLMARK_COMPLEMENT",125,-0.502547826019814,-1.71587340210823,0.000156828239331631,0.000784141196658156,0.000412705892977977,1259,"tags=22%, list=10%, signal=20%","IRF2/CTSS/LGALS3/DPP4/CPQ/CEBPB/CD55/OLR1/CTSO/PLSCR1/APOBEC3G/CD36/LIPA/CASP10/F10/IRF1/IL6/RASGRP1/PSMB9/CFB/CXCL1/PIM1/SERPING1/C1S/CASP1/C1R/C3"
"HALLMARK_MYC_TARGETS_V2","HALLMARK_MYC_TARGETS_V2","HALLMARK_MYC_TARGETS_V2",56,0.50061296405367,1.88445808840255,0.000226540787186311,0.00102973085084687,0.000541963605708878,3672,"tags=62%, list=29%, signal=45%","SLC19A1/DCTPP1/TCOF1/MCM5/SRM/PLK1/NOP2/RRP12/RRP9/NDUFAF4/PA2G4/WDR74/NOP16/NIP7/RABEPK/NOLC1/BYSL/GRWD1/IPO4/LAS1L/NOC4L/PPRC1/AIMP2/IMP4/TFB2M/MRTO4/DDX18/PLK4/NOP56/MYBBP1A/HSPD1/TBRG4/FARSA/MCM4/MYC"
"HALLMARK_ANGIOGENESIS","HALLMARK_ANGIOGENESIS","HALLMARK_ANGIOGENESIS",30,-0.669503460278955,-1.84612183415587,0.00100640558582363,0.00399463826154567,0.00210244119028719,1209,"tags=37%, list=10%, signal=33%","FGFR1/OLR1/VEGFA/JAG1/LUM/JAG2/POSTN/COL3A1/CXCL6/SLCO2A1/VTN"
"HALLMARK_ALLOGRAFT_REJECTION","HALLMARK_ALLOGRAFT_REJECTION","HALLMARK_ALLOGRAFT_REJECTION",94,-0.508989492449917,-1.68335696614405,0.00103860594800187,0.00399463826154567,0.00210244119028719,1924,"tags=29%, list=15%, signal=25%","F2R/TIMP1/HLA-DMA/GCNT1/HLA-A/HLA-E/SRGN/B2M/ACVR2A/CTSS/CD40/INHBB/GBP2/STAT1/STAT4/IL15/BCL3/CSF1/ITGB2/IL6/TLR3/IL18/CCL2/IL1B/ICAM1/CD7/CCL13"
"HALLMARK_HYPOXIA","HALLMARK_HYPOXIA","HALLMARK_HYPOXIA",149,-0.442854772238039,-1.53560115020989,0.00284100519824614,0.0101464471365934,0.00534023533504914,2772,"tags=39%, list=22%, signal=31%","GLRX/EFNA3/PGM1/SAP30/GYS1/F3/SDC2/HEXA/SDC4/UGP2/TMEM45A/PGK1/SRPX/CCNG2/KLF7/CDKN1B/AMPD3/HK2/P4HA1/SLC2A3/BTG1/ALDOA/KIF5A/MAP3K1/LXN/NDRG1/IER3/CITED2/AK4/BNIP3L/IGFBP1/DCN/AKAP12/ZNF292/ZFP36/KLHL24/PPFIA4/FOSL2/NEDD4L/ADORA2B/GAA/BCL2/IRS2/VEGFA/JUN/DTNA/MXI1/ISG20/SLC6A6/IL6/ADM/SELENBP1/DDIT4/PIM1/TGFB3/ATF3/SLC2A5/FOS"
"HALLMARK_APOPTOSIS","HALLMARK_APOPTOSIS","HALLMARK_APOPTOSIS",138,-0.434003956890741,-1.49199035688552,0.00765036822314809,0.0255012274104936,0.0134216986371019,1480,"tags=23%, list=12%, signal=21%","IER3/BCL2L11/RARA/BNIP3L/WEE1/LGALS3/DCN/KRT18/CD14/SOD2/BTG2/CTH/GPX4/PDGFRB/JUN/LUM/GCH1/ISG20/BIRC3/HGF/IFITM3/BMF/TXNIP/TGFBR3/IRF1/IL1A/IL6/IL18/ATF3/CASP1/IL1B/ERBB3"
"HALLMARK_MYOGENESIS","HALLMARK_MYOGENESIS","HALLMARK_MYOGENESIS",139,-0.427735114248474,-1.46943622445911,0.00860877470214239,0.026902420944195,0.0141591689179974,1650,"tags=24%, list=13%, signal=21%","BIN1/DAPK2/SGCA/ADCY9/ITGA7/SVIL/MYL3/TNNC1/BDKRB2/COL6A2/KLF5/PPFIA4/SSPN/GAA/CD36/NAV2/DTNA/PDE4DIP/MYH11/IFRD1/PTGIS/FHL1/TPD52L1/COL3A1/CFD/SH3BGR/ITGB4/LSP1/SOD3/COL15A1/APOD/SORBS3/ERBB3"
"HALLMARK_COAGULATION","HALLMARK_COAGULATION","HALLMARK_COAGULATION",81,-0.481765219844969,-1.56485546860139,0.00972546991506394,0.0286043232795998,0.0150549069892631,1222,"tags=21%, list=10%, signal=19%","CTSK/DPP4/CPQ/OLR1/CTSO/PROS1/MST1/SH2B2/F10/MMP11/CFD/CFB/SERPING1/C1S/A2M/C1R/C3"
"HALLMARK_KRAS_SIGNALING_UP","HALLMARK_KRAS_SIGNALING_UP","HALLMARK_KRAS_SIGNALING_UP",121,0.32198842575685,1.39846912849835,0.0110127785755457,0.0305910515987379,0.01610055347302,1425,"tags=24%, list=11%, signal=21%","BMP2/PLEK2/F2RL1/ITGA2/KCNN4/HBEGF/G0S2/SOX9/TSPAN13/EPHB2/MALL/PTGS2/CAB39L/ETV4/DCBLD2/SPRY2/PRDM1/GALNT3/PLAUR/RABGAP1L/TRIB2/TMEM158/DOCK2/SPP1/CLEC4A/PDCD1LG2/ETV1/MAFB/SCN1B"
"HALLMARK_TGF_BETA_SIGNALING","HALLMARK_TGF_BETA_SIGNALING","HALLMARK_TGF_BETA_SIGNALING",51,0.421642808678117,1.54987251875494,0.0117251293388099,0.0308556035231839,0.0162397913279915,1043,"tags=24%, list=8%, signal=22%","BMP2/SLC20A1/APC/PMEPA1/LTBP2/BCAR3/SERPINE1/TGFB1/SMURF2/SMAD7/HIPK2/TJP1"
"HALLMARK_DNA_REPAIR","HALLMARK_DNA_REPAIR","HALLMARK_DNA_REPAIR",137,0.304811008786127,1.33964186617887,0.0128986345822018,0.0322465864555045,0.0169718876081603,2649,"tags=31%, list=21%, signal=24%","PNP/PRIM1/RFC3/FEN1/POLR2I/RAD51/LIG1/NME1/ZWINT/ARL6IP1/COX17/RFC5/CDA/TARBP2/RALA/RFC2/CLP1/UPF3B/MPC2/CSTF3/POLA2/TMED2/POLD3/SNAPC4/TAF13/BRF2/ERCC4/DGCR8/ADRM1/TYMS/AAAS/NUDT21/BCAP31/POM121/VPS37B/POLR3C/HPRT1/ALYREF/SAC3D1/ITPA/DAD1/POLR2C"
"HALLMARK_PI3K_AKT_MTOR_SIGNALING","HALLMARK_PI3K_AKT_MTOR_SIGNALING","HALLMARK_PI3K_AKT_MTOR_SIGNALING",87,0.340514606129924,1.40607101102652,0.0169835973861097,0.0404371366335946,0.0212827034913656,3260,"tags=40%, list=26%, signal=30%","PITX2/CAB39L/CAMK4/E2F1/CDK1/CDK2/RPS6KA1/PPP2R1B/EIF4E/PLCG1/DUSP3/CLTC/MAP2K3/ARHGDIA/MAPK9/SLC2A1/PLA2G12A/PPP1CA/GRB2/RALB/ACTR2/PAK4/ACTR3/YWHAB/PIK3R3/PIN1/UBE2N/PFN1/MAPKAP1/RIT1/ARF1/AP2M1/PRKAR2A/RIPK1/ARPC3"
"HALLMARK_MTORC1_SIGNALING","HALLMARK_MTORC1_SIGNALING","HALLMARK_MTORC1_SIGNALING",185,0.268683913026615,1.23257019265036,0.0211686089531748,0.048110474893579,0.0253213025755679,2663,"tags=35%, list=21%, signal=28%","MLLT11/CORO1A/CCNF/GCLC/CDC25A/PNP/INSIG1/AURKA/DHCR24/SDF2L1/TXNRD1/EBP/PSMA4/TOMM40/CYP51A1/PNO1/PSMD14/STC1/PDAP1/PLK1/STIP1/TUBG1/PSMC4/ARPC5L/YKT6/ACLY/RRP9/CANX/MAP2K3/RRM2/EDEM1/BCAT1/NUP205/SLC2A1/HMGCR/HMBS/EEF1E1/SCD/ATP6V1D/BUB1/PSMG1/HSPA4/HSPA5/PPIA/FADS2/ELOVL6/SRD5A1/DHCR7/SSR1/STARD4/HMGCS1/CYB5B/GSR/ELOVL5/ACTR2/IDI1/SEC11A/PSMC6/GLA/HPRT1/PSMB5/HSPA9/SQLE/ACTR3/RPA1"
"HALLMARK_BILE_ACID_METABOLISM","HALLMARK_BILE_ACID_METABOLISM","HALLMARK_BILE_ACID_METABOLISM",74,-0.463986373363621,-1.48762273055997,0.0240033774780174,0.0500070364125362,0.0263194928487032,2104,"tags=26%, list=17%, signal=22%","NUDT12/SLC22A18/CAT/ATXN1/PEX1/ABCA5/HSD17B11/PECR/CYP27A1/EFHC1/PEX11G/SLC27A5/DIO2/HSD17B6/ALDH1A1/ABCA1/ABCA8/ABCA9/ABCA6"
"HALLMARK_EPITHELIAL_MESENCHYMAL_TRANSITION","HALLMARK_EPITHELIAL_MESENCHYMAL_TRANSITION","HALLMARK_EPITHELIAL_MESENCHYMAL_TRANSITION",190,-0.387076105966973,-1.36150247518141,0.0230924349033886,0.0500070364125362,0.0263194928487032,1412,"tags=23%, list=11%, signal=20%","SNAI2/PCOLCE/PMP22/MEST/FMOD/ABI3BP/COL6A2/LAMC2/DCN/LOXL2/BASP1/TNFRSF11B/PDGFRB/MXRA5/VEGFA/JUN/LUM/COL12A1/IGFBP4/IL15/FBN2/NNMT/TNC/LAMA3/SLIT3/POSTN/SNTB1/PTX3/TGFBR3/THBS2/LAMA1/IGFBP2/SFRP4/FBLN2/COL3A1/IL6/GAS1/CXCL6/CXCL1/FBLN1/COL5A3/VCAM1/ECM2"
"HALLMARK_UV_RESPONSE_UP","HALLMARK_UV_RESPONSE_UP","HALLMARK_UV_RESPONSE_UP",127,-0.397755173802966,-1.35478656622381,0.0451977401129944,0.0903954802259887,0.047576568539994,1138,"tags=20%, list=9%, signal=18%","EPHX1/BCL2L11/NFKBIA/SOD2/BTG2/CREG1/HSPA2/RRAD/FOSB/MAPK8IP2/ASNS/GCH1/JUNB/PTPRD/HLA-F/IRF1/IGFBP2/IL6ST/IL6/RASGRP1/NTRK3/ATF3/ICAM1/FOS/CXCL2"
"HALLMARK_P53_PATHWAY","HALLMARK_P53_PATHWAY","HALLMARK_P53_PATHWAY",170,-0.367455343491596,-1.28710834805664,0.0630434782608696,0.12123745819398,0.0638091885231473,1924,"tags=24%, list=15%, signal=20%","F2R/XPC/BTG1/NOL8/ISCU/PTPN14/EPHX1/S100A10/NDRG1/IER3/CYFIP2/VAMP8/STOM/TRIB3/MKNK2/ABHD4/BTG2/ANKRA2/INHBB/HSPA4L/SLC7A11/CTSF/RRAD/JUN/DRAM1/NUPR1/PVT1/JAG2/TPD52L1/TXNIP/PTPRE/CD82/IL1A/VWA5A/DDIT4/ITGB4/ATF3/CASP1/FOS/FGF13"
"HALLMARK_ADIPOGENESIS","HALLMARK_ADIPOGENESIS","HALLMARK_ADIPOGENESIS",168,-0.368240596996355,-1.28794104183328,0.0676117775354417,0.125206995436003,0.0658984186505279,3425,"tags=31%, list=27%, signal=23%","ADCY6/ECH1/SCP2/RIOK3/POR/MAP4K3/PHYH/PFKL/GHITM/DHRS7/COL4A1/MCCC1/SCARB1/DRAM2/NDUFB7/BCL2L13/PGM1/DHRS7B/DGAT1/COQ5/LPCAT3/DDT/AGPAT3/IFNGR1/UQCR11/CMBL/NDUFA5/DNAJC15/VEGFB/CCNG2/CAT/DBT/ALDOA/PDCD4/SLC1A5/ACADS/ITGA7/ALDH2/STOM/BCL6/SLC27A1/GPX4/PPARG/SSPN/CD36/STAT5A/LAMA4/ENPP2/COL15A1/ABCA1/LEP/C3"
"HALLMARK_ANDROGEN_RESPONSE","HALLMARK_ANDROGEN_RESPONSE","HALLMARK_ANDROGEN_RESPONSE",82,0.311221398885585,1.28204598077026,0.0915522906367273,0.16348623327987,0.0860453859367738,2400,"tags=37%, list=19%, signal=30%","HOMER2/KRT19/INSIG1/DHCR24/UAP1/PMEPA1/SLC26A2/CCND1/CENPN/CCND3/ELL2/CDK6/BMPR1B/PDLIM5/RRP12/STK39/PA2G4/HMGCR/SCD/GPD1L/ADRM1/DNAJB9/LMAN1/ABCC4/SMS/HMGCS1/GSR/ELOVL5/IDI1/UBE2J1"
"HALLMARK_XENOBIOTIC_METABOLISM","HALLMARK_XENOBIOTIC_METABOLISM","HALLMARK_XENOBIOTIC_METABOLISM",132,-0.367714461356458,-1.25423715791833,0.10472972972973,0.180568499534017,0.0950360523863246,1663,"tags=18%, list=13%, signal=16%","SLC1A5/ALDH2/EPHX1/CYFIP2/IGFBP1/CYB5A/CYP27A1/PROS1/CD36/GCH1/IGFBP4/ABCC3/SLC6A6/F10/PTGES/GSTM4/PDK4/PTGDS/CYP2E1/AKR1C3/IL1R1/CFB/FBLN1/VTN"
"HALLMARK_ESTROGEN_RESPONSE_EARLY","HALLMARK_ESTROGEN_RESPONSE_EARLY","HALLMARK_ESTROGEN_RESPONSE_EARLY",146,-0.348019563418763,-1.20508517269883,0.155629139072848,0.259381898454746,0.136516788660393,1902,"tags=25%, list=15%, signal=21%","NRIP1/FOXC1/CISH/RPS6KA2/GAB2/ADCY9/SVIL/RARA/KRT8/TGIF2/UGCG/KRT18/ALDH3B1/INHBB/BCL2/NAV2/RHOBTB3/PGR/HES1/ASB13/IGFBP4/MUC1/FRK/SYNGR1/PTGES/TPD52L1/ANXA9/IL6ST/SEMA3B/DHRS3/RASGRP1/DEPTOR/KCNK15/HR/ELOVL2/FOS"
"HALLMARK_GLYCOLYSIS","HALLMARK_GLYCOLYSIS","HALLMARK_GLYCOLYSIS",155,0.241593948115139,1.07640303676973,0.204155042128821,0.329282326014228,0.173306487375909,2070,"tags=23%, list=16%, signal=20%","SOX9/MET/TGFA/GCLC/SDC1/EXT2/AURKA/FUT8/PRPS1/GALK2/CDK1/TGFBI/CENPA/KDELR3/SLC25A10/PKM/SLC25A13/PFKP/STC1/CD44/PSMC4/FKBP4/GALE/MDH2/MED24/RPE/CLN6/GMPPB/POLR3K/BPNT1/HSPA5/PPIA/P4HA2/XYLT2/NT5E/DEPDC1"
"HALLMARK_NOTCH_SIGNALING","HALLMARK_NOTCH_SIGNALING","HALLMARK_NOTCH_SIGNALING",28,-0.442656430363142,-1.20231319192747,0.218259629101284,0.341030670470756,0.179489826563556,3434,"tags=50%, list=27%, signal=36%","FBXW11/PSENEN/ARRB1/SAP30/NOTCH3/NOTCH1/WNT5A/FZD5/DLL1/DTX4/TCF7L2/HES1/JAG1/WNT2"
"HALLMARK_PANCREAS_BETA_CELLS","HALLMARK_PANCREAS_BETA_CELLS","HALLMARK_PANCREAS_BETA_CELLS",13,-0.53588343120341,-1.22372356486243,0.235104669887279,0.345742161598939,0.181969558736284,1360,"tags=23%, list=11%, signal=21%","FOXO1/DPP4/PCSK1"
"HALLMARK_HEME_METABOLISM","HALLMARK_HEME_METABOLISM","HALLMARK_HEME_METABOLISM",145,-0.330130685833488,-1.14291276232667,0.231788079470199,0.345742161598939,0.181969558736284,3151,"tags=28%, list=25%, signal=21%","SLC22A4/KLF3/RBM38/BSG/UROS/TCEA1/LPIN2/LAMP2/NFE2L1/RCL1/ACP5/CTSB/TFDP2/SDCBP/TRAK2/RNF123/MKRN1/CAT/ALDH6A1/CCDC28A/HEBP1/EZH1/DAAM1/NCOA4/ERMAP/BNIP3L/BMP2K/BACH1/BTG2/GYPC/SLC7A11/ANK1/ASNS/MXI1/BCAM/MOCOS/SELENBP1/ABCG2/SLC6A9/C3"
"HALLMARK_KRAS_SIGNALING_DN","HALLMARK_KRAS_SIGNALING_DN","HALLMARK_KRAS_SIGNALING_DN",65,-0.368056077733815,-1.15476393111594,0.254088050314465,0.362982929020665,0.191043646852982,2370,"tags=38%, list=19%, signal=31%","PTPRJ/MTHFR/MFSD6/PTGFR/NR4A2/MAST3/PLAG1/TENM2/TGM1/CLSTN3/EPHA5/C5/FGGY/CAMK1D/YPEL1/IDUA/BTG2/DTNB/THNSL2/HSD11B2/MX1/IGFBP2/ATP6V1B1/P2RX6/THRB"
"HALLMARK_HEDGEHOG_SIGNALING","HALLMARK_HEDGEHOG_SIGNALING","HALLMARK_HEDGEHOG_SIGNALING",21,-0.431544072745893,-1.10693494009318,0.335798816568047,0.419748520710059,0.220920274057926,1537,"tags=62%, list=12%, signal=54%","ETS2/NRP1/NF1/VLDLR/TLE1/TLE3/LDB1/DPYSL2/PML/AMOT/PTCH1/VEGFA/L1CAM"
"HALLMARK_UV_RESPONSE_DN","HALLMARK_UV_RESPONSE_DN","HALLMARK_UV_RESPONSE_DN",131,-0.321533736264953,-1.09864066293399,0.312008978675645,0.419748520710059,0.220920274057926,2819,"tags=32%, list=22%, signal=25%","PHF3/BCKDHB/ATP2B1/IGF1R/GRK5/MGMT/F3/SDC2/FBLN5/LAMC1/MTA1/PTGFR/ERBB2/SLC22A18/CDKN1B/ATXN1/SFMBT1/MAP2K5/LTBP1/GCNT1/INPP4B/CITED2/SNAI2/PMP22/SCN8A/ATRX/ACVR2A/TFPI/ABCC1/NFIB/PPARG/PDGFRB/ADORA2B/SMAD3/CACNA1A/CDON/IGFBP5/RUNX1/TGFBR3/COL3A1/DBP/EFEMP1"
"HALLMARK_REACTIVE_OXYGEN_SPECIES_PATHWAY","HALLMARK_REACTIVE_OXYGEN_SPECIES_PATHWAY","HALLMARK_REACTIVE_OXYGEN_SPECIES_PATHWAY",43,-0.376207830931882,-1.09670394842161,0.330175913396482,0.419748520710059,0.220920274057926,1350,"tags=21%, list=11%, signal=19%","FTL/ABCC1/SOD2/SBNO2/GPX4/MBP/JUNB/HHEX/LSP1"
"HALLMARK_ESTROGEN_RESPONSE_LATE","HALLMARK_ESTROGEN_RESPONSE_LATE","HALLMARK_ESTROGEN_RESPONSE_LATE",134,-0.319392173699842,-1.0897332463271,0.320541760722348,0.419748520710059,0.220920274057926,2022,"tags=24%, list=16%, signal=20%","ST6GALNAC2/ACOX2/NRIP1/FOXC1/CPE/CISH/RPS6KA2/PDCD4/TNNC1/MEST/CDH1/LAMC2/ZFP36/DUSP2/ALDH3B1/DNAJC12/HSPA4L/ASS1/BCL2/PGR/PLXNB1/IGFBP4/ISG20/FRK/MDK/PTGES/TPD52L1/ANXA9/IL6ST/SEMA3B/HR/FOS"
"HALLMARK_IL2_STAT5_SIGNALING","HALLMARK_IL2_STAT5_SIGNALING","HALLMARK_IL2_STAT5_SIGNALING",142,-0.312062802714081,-1.07629004609995,0.334073251942286,0.419748520710059,0.220920274057926,2014,"tags=23%, list=16%, signal=20%","HK2/P4HA1/SLC2A3/MYO1E/FGL2/CD83/CISH/SWAP70/SLC1A5/NDRG1/COL6A1/PENK/SNX9/CAPN3/AHR/GPX4/PTCH1/SMPDL3A/PLSCR1/BCL2/GBP4/BATF3/PRKCH/MUC1/IFITM3/NFKBIZ/CSF1/SOCS2/PTH1R/FLT3LG/DHRS3/MAP3K8/PIM1"
"HALLMARK_SPERMATOGENESIS","HALLMARK_SPERMATOGENESIS","HALLMARK_SPERMATOGENESIS",68,-0.342302457198304,-1.0810738814517,0.347117794486216,0.423314383519775,0.222797043957776,981,"tags=19%, list=8%, signal=18%","CNIH2/MAP7/HSPA4L/SCG5/GSTM3/CCT6B/HSPA2/ACE/HSPA1L/IL13RA2/SPATA6/SLC2A5/PCSK4"
"HALLMARK_CHOLESTEROL_HOMEOSTASIS","HALLMARK_CHOLESTEROL_HOMEOSTASIS","HALLMARK_CHOLESTEROL_HOMEOSTASIS",62,0.268728737044797,1.03332496113726,0.370558375634518,0.441140923374426,0.232179433354961,2607,"tags=40%, list=21%, signal=32%","FABP5/ERRFI1/GLDC/ACAT2/PLAUR/EBP/CLU/FASN/TNFRSF12A/CYP51A1/HSD17B7/FDFT1/HMGCR/SCD/FADS2/DHCR7/FDPS/PMVK/ALCAM/STARD4/HMGCS1/IDI1/CHKA/MVD/SQLE"
"HALLMARK_OXIDATIVE_PHOSPHORYLATION","HALLMARK_OXIDATIVE_PHOSPHORYLATION","HALLMARK_OXIDATIVE_PHOSPHORYLATION",181,0.216260171830045,0.990589517147865,0.481927710843373,0.560381059120202,0.294937399536948,3285,"tags=30%, list=26%, signal=23%","ATP1B1/NDUFB6/MRPL35/COX17/COX7A2/ATP6V0B/NDUFA8/TIMM50/TIMM8B/NDUFS2/TIMM10/FXN/MDH2/ATP6V1D/IDH3A/SLC25A5/CYC1/MTRR/PMPCA/HTRA2/ATP6AP1/SLC25A12/NDUFB3/MTRF1/SLC25A4/ATP6V0C/HADHA/NDUFA9/RHOT1/IDH3G/SUCLA2/RETSAT/MRPL15/AIFM1/IDH3B/VDAC3/PDHB/CS/MPC1/HSPA9/TIMM13/LDHB/PDHA1/ATP6V1H/COX11/MRPS15/NDUFS3/HSD17B10/RHOT2/COX10/TIMM17A/VDAC2/UQCRFS1/SLC25A11/COX8A"
"HALLMARK_APICAL_JUNCTION","HALLMARK_APICAL_JUNCTION","HALLMARK_APICAL_JUNCTION",147,-0.279579909374797,-0.969015966520414,0.545654565456546,0.62006200620062,0.326348424316116,1320,"tags=12%, list=10%, signal=11%","EXOC4/VCL/NRXN2/CDH1/LAMC2/TNFRSF11B/CLDN11/ACTG2/ADAMTS5/MDK/ARHGEF6/CDH8/LAMA3/ITGB4/CDH3/SORBS3/ICAM1/VCAM1"
"HALLMARK_APICAL_SURFACE","HALLMARK_APICAL_SURFACE","HALLMARK_APICAL_SURFACE",29,-0.33261095902341,-0.909197137227837,0.597142857142857,0.663492063492064,0.349206349206349,2943,"tags=41%, list=23%, signal=32%","ADAM10/TMEM8B/AKAP7/SRPX/LYN/EFNA5/RTN4RL1/MDGA1/SLC34A3/GSTM3/SULF2/GAS1"
"HALLMARK_UNFOLDED_PROTEIN_RESPONSE","HALLMARK_UNFOLDED_PROTEIN_RESPONSE","HALLMARK_UNFOLDED_PROTEIN_RESPONSE",106,-0.259167157386896,-0.866015182884055,0.714119019836639,0.776216325909391,0.408534908373363,982,"tags=11%, list=8%, signal=11%","MTHFD2/NFYB/IGFBP1/CEBPB/VEGFA/CHAC1/ASNS/PSAT1/IFIT1/DDIT4/CCL2/ATF3"
"HALLMARK_WNT_BETA_CATENIN_SIGNALING","HALLMARK_WNT_BETA_CATENIN_SIGNALING","HALLMARK_WNT_BETA_CATENIN_SIGNALING",33,-0.294718873298447,-0.820753240088826,0.734087694483734,0.78094435583376,0.411023345175663,2545,"tags=27%, list=20%, signal=22%","NOTCH1/GNAI1/DVL2/FRAT1/DLL1/AXIN2/PTCH1/JAG1/JAG2"
"HALLMARK_PEROXISOME","HALLMARK_PEROXISOME","HALLMARK_PEROXISOME",79,-0.236147925993351,-0.764954342508008,0.847087378640777,0.882382686084142,0.464411940044285,1183,"tags=9%, list=9%, signal=8%","CRABP2/SOD2/SEMA3C/CEL/HSD11B2/DHRS3/ALDH1A1"
"HALLMARK_FATTY_ACID_METABOLISM","HALLMARK_FATTY_ACID_METABOLISM","HALLMARK_FATTY_ACID_METABOLISM",125,-0.213409041269666,-0.728652834067977,0.923595505617978,0.942444393487732,0.496023364993543,1802,"tags=28%, list=14%, signal=24%","HADH/GABARAPL1/SUCLG2/ETFDH/BPHL/HSDL2/ECH1/ALAD/SDHD/ACOT2/SERINC1/NTHL1/HCCS/UROS/SLC22A5/AUH/BCKDHB/GLUL/D2HGDH/GSTZ1/HSD17B11/PCBD1/ALDOA/ACADS/EPHX1/S100A10/ECI1/PTPRG/PSME1/CD36/CEL/UBE2L6/ACSS1/ALDH1A1/INMT"
"HALLMARK_PROTEIN_SECRETION","HALLMARK_PROTEIN_SECRETION","HALLMARK_PROTEIN_SECRETION",89,0.169398261221131,0.704478774962957,0.993975903614458,0.993975903614458,0.523145212428662,3163,"tags=29%, list=25%, signal=22%","TSPAN8/OCRL/CLCN3/YKT6/CLTC/TMED2/CAV2/RAB22A/ZW10/RER1/LMAN1/RAB14/GBF1/COG2/GLA/GOLGA4/ATP6V1H/SCAMP3/ANP32E/ARCN1/ARF1/PPT1/ARFGEF1/GOSR2/AP2M1/COPE"
